Epochs,Samples Seen,Training Loss,Validation Loss
1,200,2.9086916559934615,2.770562465429306
1,400,2.8094902412593363,2.765004426797231
1,600,2.761490313410759,2.7746853571732837
1,800,2.73687842130661,2.739791256825129
1,1000,2.728965567886829,2.710265984296799
1,1200,2.7263199345270794,2.698514289855957
1,1400,2.723845205221857,2.682855711857478
1,1600,2.7237380672618747,2.688908259789149
1,1800,2.7223105113042725,2.6982495280106864
1,2000,2.717446083366871,2.695025314807892
1,2200,2.717706359110095,2.696481832265854
1,2400,2.7152641611049573,2.6872105424404142
1,2600,2.7132066115507714,2.6896232314109803
1,2800,2.7072233423377785,2.688965564171473
1,3000,2.704652860124906,2.6833339408238728
1,3200,2.7023501297459007,2.686495549837748
1,3400,2.6986430833620183,2.6954386676947277
1,3600,2.6997600842681195,2.667012060324351
1,3800,2.6979489680026707,2.6915708678563437
1,4000,2.6978016316741704,2.6797816520531974
1,4200,2.6997245432507424,2.6756224302450815
1,4400,2.693474320796403,2.6901557952562967
1,4600,2.6886644867127356,2.6809347212314605
1,4800,2.688428809835265,2.692055235783259
1,5000,2.689149199432135,2.6962072274684905
1,5200,2.687863902237553,2.6985507334868113
1,5400,2.6874911130743997,2.6761839871406554
1,5600,2.6877179367467763,2.668842357238134
1,5800,2.6856813692481354,2.6781830767790478
1,6000,2.6870859114875394,2.673350679397583
1,6200,2.6861129421139918,2.6893725380102795
1,6400,2.6827808724483475,2.6729141362508138
1,6600,2.6837549481834424,2.6657501300175985
1,6800,2.681072122301249,2.679416575352351
1,7000,2.6796138047959124,2.678381820042928
1,7200,2.676987434397969,2.6700062222480776
1,7400,2.678019307469194,2.665070131699244
1,7600,2.678745248651034,2.681767869949341
1,7800,2.6798259464173744,2.676809286514918
1,8000,2.679593655731529,2.6815286749204
1,8200,2.680845315452756,2.6601497054894767
1,8400,2.6801868029754785,2.663990202109019
1,8600,2.6808890192210675,2.6653341557184853
1,8800,2.679119956246154,2.6721616311868033
1,9000,2.6794263812137973,2.675864833752314
1,9200,2.679642896088569,2.6709246948560077
1,9400,2.680731732781897,2.6722042280038196
1,9600,2.679695400353521,2.678911682844162
1,9800,2.6780069110101583,2.679667227268219
1,10000,2.678259175384045,2.6817309000492098
1,10200,2.6785235732326322,2.671840248982112
1,10400,2.6776303592553505,2.6722582116921743
1,10600,2.677299006384499,2.6700774756272634
1,10800,2.6767293149343243,2.686756426413854
1,11000,2.6768708771250465,2.6843472202618917
1,11200,2.6760202204702157,2.6815131525993348
1,11400,2.67643549879392,2.675322491486867
1,11600,2.6759666719621626,2.6751660357316336
1,11800,2.6751556512359844,2.674285238345464
1,12000,2.6746843701303007,2.6745130179723104
1,12200,2.672290231541532,2.6903462496598562
1,12400,2.673570543445887,2.6743290673891704
1,12600,2.6734252541689645,2.6828373634020486
2,200,2.1239432233572004,2.6943468736012774
2,400,2.150238479077816,2.7088602817058565
2,600,2.1515255971749623,2.698923230648041
2,800,2.1791942036896943,2.6961916489601134
2,1000,2.179545174986124,2.7111714787483217
2,1200,2.1664629918833573,2.700565543572108
2,1400,2.1863610787263936,2.703327433427175
2,1600,2.20267535245046,2.697750066677729
2,1800,2.2064551984104845,2.7269808332125347
2,2000,2.2077038169950245,2.716763665676117
2,2200,2.2070912309532815,2.716005012989044
2,2400,2.203391417649885,2.7341689298152922
2,2600,2.209065420180559,2.713408015569051
2,2800,2.2139866934610266,2.720897865454356
2,3000,2.2192740342915056,2.7134818452994027
2,3200,2.219039756255224,2.7213421425024666
2,3400,2.2235784304667923,2.7249916093349458
2,3600,2.222907319996092,2.7328482252756756
2,3800,2.2288958876462357,2.733254444519679
2,4000,2.2263442905843256,2.731589555303256
2,4200,2.2262913288672763,2.7215227539539337
2,4400,2.227501405775547,2.7359654586315156
2,4600,2.2291587274489197,2.727466840426127
2,4800,2.2325631046667693,2.7306474414666493
2,5000,2.235583836090565,2.7271172245343527
2,5200,2.240241294182264,2.737348963658015
2,5400,2.243833931805911,2.736591633637746
2,5600,2.2484046984357495,2.741778157075246
2,5800,2.25058869711284,2.7317235945860543
2,6000,2.2529940346231063,2.7404523916244505
2,6200,2.2562396403522262,2.7227085382143654
2,6400,2.2546064923750238,2.746735054095586
2,6600,2.259381530379707,2.7251200670401254
2,6800,2.2627217692706516,2.737869219382604
2,7000,2.2639871588647367,2.732670023838679
2,7200,2.2689706418125164,2.7378291290601093
2,7400,2.2698442239253906,2.7420735199451447
2,7600,2.272062418503981,2.746147868315379
2,7800,2.2739070465052738,2.747866899251938
2,8000,2.2768477281592787,2.7408779067993163
2,8200,2.2787733791368763,2.7453491476376852
2,8400,2.2793507546966985,2.745826348145803
2,8600,2.2816715331895407,2.7468818407853446
2,8800,2.2831086854433473,2.7415452087720236
2,9000,2.2849196045266256,2.7531163680553434
2,9200,2.2853355486302274,2.770464370648066
2,9400,2.2869367139326764,2.7593311350345613
2,9600,2.2883200384800633,2.750464554468791
2,9800,2.2907737453008186,2.753052553574244
2,10000,2.2915457445144654,2.760521412531535
2,10200,2.291430576835193,2.7508098802566527
2,10400,2.2942758420797493,2.7553145264784495
2,10600,2.2945042240226043,2.7598084433873495
2,10800,2.295175867952682,2.752635596672694
2,11000,2.2954501885446636,2.7571512970924377
2,11200,2.298426921165415,2.7422118728955587
2,11400,2.301036667907447,2.7464684689839682
2,11600,2.30358576775111,2.742343305826187
2,11800,2.305120132083105,2.758367517232895
2,12000,2.306894797258079,2.741921602169673
2,12200,2.3072475804510666,2.763825933297475
2,12400,2.308244634143287,2.7579290873209636
2,12600,2.3110307798333585,2.7504104805787404
3,200,1.9322837646305562,2.7791783470312756
3,400,1.8888522017747165,2.8015597774187726
3,600,1.8922775968412557,2.807435955762863
3,800,1.9075842896103858,2.8114400196870166
3,1000,1.925975177049637,2.8119959072271983
3,1200,1.9206035817911227,2.8113441562652586
3,1400,1.9180943462252618,2.8132807716528574
3,1600,1.9118148364126681,2.834247002919515
3,1800,1.9071295428276063,2.82569121615092
3,2000,1.9137350208759307,2.807331065495809
3,2200,1.9168610331957991,2.823709776798884
3,2400,1.9280758335689703,2.8077383485635123
3,2600,1.9327630647329184,2.826759377638499
3,2800,1.9342395897848266,2.828776227871577
3,3000,1.937472806572914,2.8416416885058084
3,3200,1.9426674254518002,2.8074138003985087
3,3400,1.9423156042659984,2.834145161708196
3,3600,1.943891174097856,2.822975406805674
3,3800,1.9496037074452952,2.822379094441732
3,4000,1.9535929307341575,2.8401992558638254
3,4200,1.9590182735522588,2.8470040910243988
3,4400,1.9599649035998365,2.8138673769632976
3,4600,1.9657431436686412,2.839107428987821
3,4800,1.9719171048266193,2.8260700124899545
3,5000,1.9747718989670278,2.839309153954188
3,5200,1.9798395083328852,2.81488215303421
3,5400,1.9820021691532046,2.8297806364695233
3,5600,1.9855924367851445,2.8396173977057138
3,5800,1.9863882398553963,2.8308850479920706
3,6000,1.9895105668057997,2.838188893000285
3,6200,1.9950404087430047,2.8372723935445148
3,6400,1.9973177261883392,2.849827928304672
3,6600,1.9982494437739704,2.8290745737552645
3,6800,2.0013617514731252,2.828507356484731
3,7000,2.006271654818739,2.821902218659719
3,7200,2.006288945335481,2.83259690062205
3,7400,2.0107478763686646,2.8407081595261894
3,7600,2.0129622245540744,2.834267723560333
3,7800,2.0149886272809443,2.8269511659145357
3,8000,2.0167153847366572,2.840390486637751
3,8200,2.0192657996895838,2.843893373966217
3,8400,2.022560549477736,2.8291446568171184
3,8600,2.025373707330504,2.8289485074679055
3,8800,2.0285339402949267,2.8342138418356577
3,9000,2.0328627867499987,2.821489943265915
3,9200,2.0378785573593947,2.814624477704366
3,9400,2.0393540127702217,2.842899744192759
3,9600,2.043016464303558,2.8250816893577575
3,9800,2.0463016946948303,2.8426674795150757
3,10000,2.049053237736225,2.834463915348053
3,10200,2.051369784760709,2.831472108364105
3,10400,2.056404663989177,2.811631388425827
3,10600,2.057369928826701,2.8380084857145946
3,10800,2.058695450430667,2.8398180522123972
3,11000,2.059433106454936,2.835328856388728
3,11200,2.0607870287182077,2.8418636809984843
3,11400,2.0629752525739504,2.9341641580263773
3,11600,2.065602017553716,2.8350527261892955
3,11800,2.0680000419283315,2.832346974611282
3,12000,2.0698770960917074,2.8455552016099293
3,12200,2.0719023787144755,2.835293081442515
3,12400,2.0743852075790206,2.834091914653778
3,12600,2.0767267103753393,2.8437670605977377
4,200,1.6400050075352193,2.844174703359604
4,400,1.702754557952285,2.8667960844039917
4,600,1.6967375434935092,2.8563925716082257
4,800,1.6859522320330143,2.8701581718921663
4,1000,1.6856902330815793,2.867041359901428
4,1200,1.6919829310228427,2.8775983409086865
4,1400,1.7016194501732076,2.8987363661925
4,1600,1.7172154863364995,2.8937175724506377
4,1800,1.74013661492202,2.854142324209213
4,2000,1.7551127576082945,2.873968403339386
4,2200,1.7538934939286925,2.8804025526841484
4,2400,1.7588155292098722,2.8903344999949137
4,2600,1.7580291954829144,2.8898915634155276
4,2800,1.7670204528740474,2.879637631893158
4,3000,1.7672983447909356,2.8898163057963053
4,3200,1.7715351805184036,2.8919014769395193
4,3400,1.773975899245809,2.8956507214705147
4,3600,1.7700766438494127,2.910396190961202
4,3800,1.7785400618926475,2.902210553407669
4,4000,1.7803232681006194,2.9055146206219993
4,4200,1.7796428252401806,2.9087805558045705
4,4400,1.7845417442917824,2.9053080217838287
4,4600,1.7891919742524625,2.8930256577332814
4,4800,1.795416307207197,2.8967101946671803
4,5000,1.7979008819162845,2.893528744141261
4,5200,1.798852944815388,2.9296101638476055
4,5400,1.8027522055915108,2.9078132588863372
4,5600,1.806973543140505,2.907364922364553
4,5800,1.8145196673942023,2.9094739969571433
4,6000,1.817341390868028,2.907397088289261
4,6200,1.8193910217285156,2.9019058023293813
4,6400,1.8228595482604577,2.8941607417265574
4,6600,1.8267005882073533,2.9106444707711536
4,6800,1.8299380300456987,2.9148586185773215
4,7000,1.8359934210734707,2.905164919535319
4,7200,1.839887249684996,2.909918000857035
4,7400,1.8411950900345235,2.9008803911209107
4,7600,1.8417309151825152,2.915275817632675
4,7800,1.8451830520308934,2.9125958122412365
4,8000,1.8492333175688982,2.917632500251134
4,8200,1.8544589215444356,2.9068723074595133
4,8400,1.857644246681815,2.9275907199382782
4,8600,1.8595386131350384,2.906959890127182
4,8800,1.862954855737361,2.9147921305497486
4,9000,1.8660888086822298,2.9359225078423816
4,9200,1.8692240589209226,2.9245275456905366
4,9400,1.8715579273091987,2.925542449951172
4,9600,1.8752807196353873,2.926118702252706
4,9800,1.8778095662897947,2.9251963601112365
4,10000,1.8807230859398842,2.917214238246282
4,10200,1.8831514139911707,2.932048269033432
4,10400,1.887552184668871,2.917648146867752
4,10600,1.892082751247118,2.919549117485682
4,10800,1.8948529105440335,2.9210870230992634
4,11000,1.8984022265781055,2.909989956219991
4,11200,1.9007630751574678,2.91010412422816
4,11400,1.9036436292006258,2.9113297729492187
4,11600,1.905462885722518,2.9164381297429403
4,11800,1.9086767635001975,2.9128847064971923
4,12000,1.9118107565045357,2.918482781807582
4,12200,1.9138916588440293,2.9271955467859905
4,12400,1.9181738088880815,2.925500996271769
4,12600,1.9210897179870379,2.9220557123025257
5,200,1.5398449896275996,2.9125978219509125
5,400,1.5486286036670207,2.9500402301947277
5,600,1.5570109138389427,2.9359585264523824
5,800,1.5697628451883794,2.937809405644735
5,1000,1.5764288523197174,2.9540975313186646
5,1200,1.5798509195446968,2.974131726026535
5,1400,1.5778208712381976,2.982205767472585
5,1600,1.5788081544451416,2.981699604431788
5,1800,1.583145072625743,2.9635872174104056
5,2000,1.5854064984172582,2.976051605780919
5,2200,1.5986221759563142,2.977222588777542
5,2400,1.600798678137362,2.9783439968427023
5,2600,1.607217058229905,2.9884554539521537
5,2800,1.6158988963919028,2.9715282292366028
5,3000,1.6190452674726645,3.0112179115613302
5,3200,1.623973678937182,2.98812911828359
5,3400,1.6295565681071842,2.992892234802246
5,3600,1.6377533893287182,2.985459174235662
5,3800,1.6428329992686448,2.9755109984874726
5,4000,1.6529561901465057,2.9843362882137296
5,4200,1.6574608342633361,2.9820658198197685
5,4400,1.663547267744487,2.9920815959771474
5,4600,1.6687770073051038,2.9939777034918467
5,4800,1.6732741953184207,2.975888283411662
5,5000,1.681917629480362,2.9761894737879437
5,5200,1.6831211798351544,2.9853050764401754
5,5400,1.686916248638321,2.9836868126392364
5,5600,1.6889574652111956,3.004382780234019
5,5800,1.6913072519466794,3.006595558722814
5,6000,1.6949014006356398,2.992511234998703
5,6200,1.6959681090279932,2.9976013185183206
5,6400,1.701984133576043,3.002016323963801
5,6600,1.7052678634045702,2.994725550889969
5,6800,1.7083544999448692,3.0015381611188254
5,7000,1.713697082408837,2.991257166862488
5,7200,1.7155058947412505,2.9991430790424345
5,7400,1.720178914666176,3.0055599189599356
5,7600,1.7208809392271858,3.009478355328242
5,7800,1.7261627614421722,3.0075293005307517
5,8000,1.72842287183553,2.9977350126107534
5,8200,1.7321289541917604,3.0066161438624066
5,8400,1.7360987239366485,3.0020984110832214
5,8600,1.7383673104921054,2.9975145131746928
5,8800,1.741736777926033,3.0045931482315065
5,9000,1.7455560213294294,3.005338358561198
5,9200,1.748729516160877,2.999534357627233
5,9400,1.751634430520712,3.0148578840891522
5,9600,1.7537429385632277,3.0086345899899802
5,9800,1.7575194538551935,3.0115324279467264
5,10000,1.7591142591029405,3.0165344093640645
5,10200,1.761838232360634,3.000299503882726
5,10400,1.7647180282954986,3.0017305448849996
5,10600,1.7674379625438519,2.996934572060903
5,10800,1.770088519015246,3.0030430155595145
5,11000,1.774342551865361,3.001954263051351
5,11200,1.7775496462253588,3.0164852829774222
5,11400,1.7808307203624332,3.024299175341924
5,11600,1.78230934356821,3.009227196216583
5,11800,1.784895635065386,3.0190124386151633
5,12000,1.7903397655983766,3.0113787167072297
5,12200,1.7951308425918955,3.001788394610087
5,12400,1.7984816424837036,3.0087047443389894
5,12600,1.8014242083638434,3.0153304993311565
6,200,1.4597032326459884,3.042029135942459
6,400,1.4542586474865675,3.041020604133606
6,600,1.4505066398779551,3.041875696818034
6,800,1.442605927027762,3.073299586613973
6,1000,1.4632046689391136,3.0557746240297954
6,1200,1.4612836511433125,3.05320850054423
6,1400,1.4682207675703933,3.0383353372414907
6,1600,1.475484629869461,3.075454728007317
6,1800,1.4799583732253976,3.069196104367574
6,2000,1.484106895521283,3.067585391243299
6,2200,1.4941194593635472,3.069462304194768
6,2400,1.4988482788701851,3.087685309092204
6,2600,1.4981379255881677,3.075014208316803
6,2800,1.5063081071419375,3.075280280272166
6,3000,1.5155418269137542,3.080634442170461
6,3200,1.522555995984003,3.0865591843128204
6,3400,1.521178354585872,3.111253315369288
6,3600,1.5301614264316028,3.07893310602506
6,3800,1.5389797952379052,3.067361201445262
6,4000,1.5466642504185437,3.0562766874631246
6,4200,1.5544978536594483,3.065365885694822
6,4400,1.5602716788717292,3.0798597555160523
6,4600,1.5617534895629988,3.1120743483702342
6,4800,1.5667726544104517,3.0880220510164897
6,5000,1.5681356733858585,3.097006266752879
6,5200,1.5698760588524434,3.08856777771314
6,5400,1.5741550154211346,3.0952669247786204
6,5600,1.5791990299576095,3.096391052166621
6,5800,1.5839102640799407,3.1032960614363354
6,6000,1.5879368871450423,3.08830631963412
6,6200,1.5904699369736257,3.0874806293646495
6,6400,1.595793214631267,3.091863874912262
6,6600,1.6008808602934534,3.088649410009384
6,6800,1.6041125752601553,3.1259130238691966
6,7000,1.6079146285993713,3.1066109499931334
6,7200,1.6119825885030958,3.0916990272998808
6,7400,1.6136237015232846,3.105201456785202
6,7600,1.616297513658279,3.102453114191691
6,7800,1.6202468521014237,3.0858781840801237
6,8000,1.6245929721221328,3.0759625600973766
6,8200,1.6266928525705162,3.070963996728261
6,8400,1.6304358206015257,3.097704319636027
6,8600,1.6332551893487919,3.1003839859962463
6,8800,1.6353793635117737,3.091797128597895
6,9000,1.639306164426936,3.1117097036838532
6,9200,1.6423705975938103,3.088171275536219
6,9400,1.6473427648430174,3.0898422312736513
6,9600,1.6503467242481809,3.0902165502707164
6,9800,1.6526495896401454,3.1014690009752908
6,10000,1.6545881317049265,3.1168379034201306
6,10200,1.6587544840720354,3.1119870014985405
6,10400,1.6627987529881871,3.108201582670212
6,10600,1.6666175887635295,3.121308024009069
6,10800,1.669253922626376,3.105082607547442
6,11000,1.6721156177520753,3.0914330318371457
6,11200,1.6777315833978355,3.0843349434932072
6,11400,1.6813038474399793,3.105940538088481
6,11600,1.686219348198381,3.121968382994334
6,11800,1.6882437921403828,3.090646981159846
6,12000,1.6903690325344602,3.112919144789378
6,12200,1.6935923751480266,3.099316090663274
6,12400,1.6963903993920935,3.1124451615810393
6,12600,1.6995878442625205,3.101840331037839
7,200,1.4420444795489311,3.088501648426056
7,400,1.4007598517090083,3.1083174812396366
7,600,1.3774042607843875,3.1287889881134032
7,800,1.386230040360242,3.1227613749106724
7,1000,1.3751053095012904,3.153750921567281
7,1200,1.3765499933436514,3.139033079783122
7,1400,1.3852509187694106,3.1513132450580597
7,1600,1.393699049158022,3.131198223352432
7,1800,1.4108286738147338,3.137929890394211
7,2000,1.4059413187727332,3.1593576746781666
7,2200,1.40685532475737,3.1752408657868703
7,2400,1.4164091514485577,3.148077813386917
7,2600,1.4240405499877837,3.178311603864034
7,2800,1.4270986925863793,3.164775635878245
7,3000,1.4318341182619334,3.1813172046343485
7,3200,1.4338034027302637,3.1695452860196434
7,3400,1.4393214852362872,3.1817911627292634
7,3600,1.4478002566223342,3.162237500190735
7,3800,1.4543493038611977,3.1652264260450997
7,4000,1.4561984036825597,3.2004350566069286
7,4200,1.4594204439542122,3.1981199906667075
7,4400,1.4583815668286249,3.171622392495473
7,4600,1.4626856955529555,3.171835786819458
7,4800,1.4681181244334827,3.1735577127933503
7,5000,1.4739530919462442,3.154735520362854
7,5200,1.480273667565332,3.1888320360978444
7,5400,1.4839799412615873,3.173136092662811
7,5600,1.489277918085988,3.1823903119564054
7,5800,1.492831058530458,3.1852777735392253
7,6000,1.495610289114217,3.173892625013987
7,6200,1.5038861476726109,3.1590773220856985
7,6400,1.5064956633397377,3.193114777406057
7,6600,1.5088037607954308,3.19698645122846
7,6800,1.5140066755059012,3.1774981490770977
7,7000,1.5166678449447666,3.1865585970083874
7,7200,1.5214114920774269,3.201537388165792
7,7400,1.5235117727497944,3.1994449476401012
7,7600,1.5266969517912519,3.2009685146808624
7,7800,1.528354915386209,3.202334453344345
7,8000,1.533362219190225,3.2148094522158304
7,8200,1.5370210556413342,3.203526646534602
7,8400,1.5413035925672878,3.1632426863511403
7,8600,1.544501676741381,3.180235159635544
7,8800,1.549131493377076,3.1900273486773174
7,9000,1.5537634573959642,3.209949042479197
7,9200,1.5578115019704337,3.191689473152161
7,9400,1.5629640314284157,3.184210914134979
7,9600,1.5683184719846273,3.184500184615453
7,9800,1.5706855276941645,3.1893655738830566
7,10000,1.5735929808959366,3.1859318033059436
7,10200,1.5777261075801126,3.205459257920583
7,10400,1.583659495480645,3.177995051463445
7,10600,1.5885461024447995,3.185195103009542
7,10800,1.592614896663085,3.187532929579417
7,11000,1.5943425116281618,3.2124969791173936
7,11200,1.5971103901269712,3.1813712252775828
7,11400,1.6014653556166512,3.182880082209905
7,11600,1.6042802864223205,3.172884792168935
7,11800,1.6086340899096203,3.1901696196397147
7,12000,1.6115868239166835,3.1811362369060516
7,12200,1.6137499502264574,3.180779030164083
7,12400,1.616859955868173,3.192613801081975
7,12600,1.6194065733596918,3.180238510886828
8,200,1.31573828920722,3.2145954557259877
8,400,1.3553856117278338,3.187287564357122
8,600,1.3168781311810016,3.215128537495931
8,800,1.2948298075050115,3.235694732904434
8,1000,1.2994080534875392,3.223299963911374
8,1200,1.2956715714434783,3.225468249718348
8,1400,1.2989491776164088,3.2425945512453715
8,1600,1.3036004403699188,3.269245522181193
8,1800,1.3028875723729532,3.253289980649948
8,2000,1.316674678005278,3.2658535860379536
8,2200,1.321975379484621,3.2766628677845
8,2400,1.3335199275799097,3.2458632817268374
8,2600,1.3410459910619716,3.2550128050645193
8,2800,1.3478930085205607,3.2317287503083545
8,3000,1.35807182734708,3.2631079881191254
8,3200,1.3682610517414286,3.2439777830441794
8,3400,1.3819196962740492,3.241294006506602
8,3600,1.3849791831812925,3.232148704926173
8,3800,1.3909570652364116,3.241775244474411
8,4000,1.392413218189031,3.2415559710661572
8,4200,1.3973560164691436,3.286716895421346
8,4400,1.4030907981131564,3.2629146968523663
8,4600,1.4044735021727242,3.2711548657417295
8,4800,1.4059244184723745,3.293129999558131
8,5000,1.412548398038745,3.2489614221254985
8,5200,1.4164885808040317,3.279492574930191
8,5400,1.421080285699831,3.254379012743632
8,5600,1.4253254709100085,3.2461951172351835
8,5800,1.4304737411516493,3.261457516113917
8,6000,1.4334021883433063,3.282649834473928
8,6200,1.438052614689354,3.284530222495397
8,6400,1.441960849405732,3.270208815018336
8,6600,1.4451825837632923,3.2512593378623325
8,6800,1.4491454753696043,3.2633648368517556
8,7000,1.4538514657723052,3.288177520910899
8,7200,1.4578726146473653,3.2702488656838735
8,7400,1.4606043777614832,3.269794192234675
8,7600,1.4654791310527606,3.284117215792338
8,7800,1.4697313935768146,3.2664661548137666
8,8000,1.4746789196040482,3.26643968129158
8,8200,1.478449190031828,3.288784218629201
8,8400,1.4808359267757762,3.275705453634262
8,8600,1.4840124603984661,3.28026228650411
8,8800,1.490538389748809,3.306949280897776
8,9000,1.492468251468407,3.291620297908783
8,9200,1.4968407302074458,3.287018224835396
8,9400,1.498279697405214,3.283404322147369
8,9600,1.5006836279248819,3.293503740866979
8,9800,1.5047659719857027,3.254490385452906
8,10000,1.510127999292314,3.2800757356484733
8,10200,1.5155756732923726,3.2671628302733104
8,10400,1.5181491999829617,3.297060048540433
8,10600,1.5204461702324872,3.3182161852121355
8,10800,1.5259379755471039,3.265703851222992
8,11000,1.5298961889378049,3.2552939203580222
8,11200,1.533995628427448,3.2703710027535755
8,11400,1.5379070850697003,3.2432442818880083
8,11600,1.5421997454929455,3.268214007337888
8,11800,1.5464446466592914,3.268368960698446
8,12000,1.5512729635375242,3.268843511104584
8,12200,1.553790521864764,3.272123885552088
8,12400,1.5569441685429024,3.2850285023848214
8,12600,1.5601963612803864,3.279484405676524
9,200,1.2099547355622053,3.273169096072515
9,400,1.2475039237737655,3.3108427961270013
9,600,1.2556003437936305,3.2985193600257237
9,800,1.266678858920932,3.3012525527874628
9,1000,1.2523194032907485,3.3034775818983713
9,1200,1.266071704402566,3.322599330822627
9,1400,1.277797726222447,3.3112379746437073
9,1600,1.2733045910298824,3.303767247200012
9,1800,1.280919427126646,3.3124152657588324
9,2000,1.288493712052703,3.3246246403853097
9,2200,1.2942265405302698,3.3128724308808644
9,2400,1.2959771146128576,3.330188031276067
9,2600,1.3032523289437477,3.320880347251892
9,2800,1.3065108347364833,3.3080894440809887
9,3000,1.3145671497484048,3.338261020342509
9,3200,1.3186720191687344,3.3259946683247885
9,3400,1.3222286400111283,3.3204587182998657
9,3600,1.3211413578606315,3.3752540204524992
9,3800,1.3316263864620737,3.3320018474260964
9,4000,1.336098495028913,3.3484606258074443
9,4200,1.3434229723328637,3.3236083909670513
9,4400,1.3465315010059964,3.3522311475276947
9,4600,1.3485311838725338,3.385856998523076
9,4800,1.3555931686982512,3.355100769440333
9,5000,1.3637913950741292,3.3312887416283288
9,5200,1.365353067631905,3.3279059628248215
9,5400,1.3708374557892482,3.321242771585782
9,5600,1.3751565721205303,3.338930255850156
9,5800,1.3802151040116262,3.3530112499396005
9,6000,1.3874413922677438,3.3506923162937166
9,6200,1.3922427519915566,3.347932817578316
9,6400,1.3957736072130502,3.3332116486231484
9,6600,1.4017085048149933,3.3563838272094726
9,6800,1.4068522869050504,3.345253345370293
9,7000,1.4091824146977492,3.3517951190869013
9,7200,1.414276900490125,3.3774555877447128
9,7400,1.4169606891636912,3.343460685968399
9,7600,1.4216898642637228,3.3428365948200227
9,7800,1.4254466742429979,3.3470638021628063
9,8000,1.4303068675138055,3.3402020632425944
9,8200,1.4337676274303983,3.3309446546236674
9,8400,1.437750738273774,3.3332313792705537
9,8600,1.4411495504164418,3.378086347659429
9,8800,1.4442701235345818,3.3434544738928476
9,9000,1.4471529893345303,3.335897208571434
9,9200,1.4502412989476452,3.3599519758224488
9,9400,1.4543762572902315,3.3576041266123453
9,9600,1.458540634093806,3.3456293777624766
9,9800,1.462620246310015,3.3431852968533833
9,10000,1.466279882505536,3.3540744200547534
9,10200,1.4711439478017536,3.3501165855328243
9,10400,1.4746934744744347,3.3360118624369304
9,10600,1.4792142580955658,3.346349175612132
9,10800,1.4824625261707438,3.353058839082718
9,11000,1.4857199610661376,3.3552554510434467
9,11200,1.489258500667555,3.3488257908821106
9,11400,1.492665624581931,3.340190486192703
9,11600,1.4981457501804007,3.3165451413790383
9,11800,1.501746112651239,3.3541458847522736
9,12000,1.5060390851000944,3.3364264206091563
9,12200,1.50850978378634,3.3802020188967385
9,12400,1.5120624921783323,3.3619855734904607
9,12600,1.5162657598346945,3.3678803791205087
10,200,1.320423445403576,3.359229994614919
10,400,1.2277910739928484,3.3675121593475343
10,600,1.2325350935260455,3.369883702238401
10,800,1.2154297081567347,3.3871003580490746
10,1000,1.2205375286787747,3.3944428272644678
10,1200,1.243049825715522,3.3702187094688414
10,1400,1.2412648926781757,3.3777201658884684
10,1600,1.251835683612153,3.3879020784695943
10,1800,1.2592518006844653,3.3998523090283075
10,2000,1.257086886204779,3.3941307153701783
10,2200,1.2663940319893034,3.4024452675183614
10,2400,1.2657816056596736,3.4619824023246766
10,2600,1.2749724096117112,3.44700116332372
10,2800,1.2779698521271348,3.4149689439932507
10,3000,1.2814629577050607,3.399400061527888
10,3200,1.2887987512769177,3.4065130213101704
10,3400,1.2878958206711446,3.411394751787186
10,3600,1.2920733935096198,3.408741096099218
10,3800,1.2967381296620557,3.439766125202179
10,4000,1.2991021535731853,3.3918620891571045
10,4200,1.3026983467205648,3.41037375664711
10,4400,1.3062396422468803,3.4189886422952016
10,4600,1.3130460037874139,3.412557992060979
10,4800,1.3205738483990233,3.4101613744099937
10,5000,1.3267394425690173,3.414743857940038
10,5200,1.3310650911640662,3.436253359476725
10,5400,1.33664706464167,3.4230715715090434
10,5600,1.3412012093035237,3.4494631996949514
10,5800,1.3454207689238005,3.4145092066923777
10,6000,1.3503825870056947,3.4438696784178418
10,6200,1.3548513794762473,3.4205577770074207
10,6400,1.3596142512653022,3.4148860325018564
10,6600,1.361519201632702,3.416274060090383
10,6800,1.3688485018821324,3.4127465212345123
10,7000,1.3693355174490385,3.4554836157162985
10,7200,1.3726969860328568,3.3983698008060457
10,7400,1.3769026111509348,3.4290694636503853
10,7600,1.3791149937832041,3.415901639143626
10,7800,1.3830203404067418,3.405979507446289
10,8000,1.3881389793381096,3.4234172349770864
10,8200,1.3936645572832445,3.41012784353892
10,8400,1.3984768639646825,3.39563370068868
10,8600,1.4036885669896768,3.4067013870875043
10,8800,1.4078762860799379,3.4038372162977852
10,9000,1.412565249333779,3.4035170338948566
10,9200,1.4177351597858512,3.405154636700948
10,9400,1.4216634566321018,3.426427324215571
10,9600,1.4254876568447798,3.412919556458791
10,9800,1.4306651404317545,3.3905249842802685
10,10000,1.4360111583322286,3.4096293914318085
10,10200,1.4400439756319803,3.394188656171163
10,10400,1.4446983250517111,3.4181802802880603
10,10600,1.449177608577148,3.4239869729677834
10,10800,1.4509587413486507,3.4361347397963207
10,11000,1.453253458369862,3.4601237145264943
10,11200,1.4562566765051868,3.413892406304677
10,11400,1.461121799349785,3.392628594239553
10,11600,1.4657680156544364,3.4056655489603678
10,11800,1.468678449776213,3.384624042193095
10,12000,1.4746908950755993,3.4057085965474445
10,12200,1.477764850603264,3.4030781013965608
10,12400,1.4821973502299477,3.4006807434161503
10,12600,1.4842572020703837,3.4527510125637053
